state,river_name,parameter,count,mean,median,std,min,max
1,Chenab,alkalinity,1196,67.20120819397994,59.54,53.275502224062336,-0.246,263.5
1,Chenab,ammonia,1105,0.06049502262443438,0.03,0.1475300025450007,-0.02,3.03
1,Chenab,bicarbonate,1218,78.04168472906403,70.78,61.792793671947294,-0.7,316.2
1,Chenab,calcium,1216,31.235516447368422,30.0,13.166344515504816,1.96,303.4
1,Chenab,carbonate,1285,1.126994552529183,0.0,2.5929761006190377,0.0,32.95
1,Chenab,chloride,1274,9.434488226059655,8.4,4.281737355270127,1.0,35.18
1,Chenab,dissolved_oxygen,3489,9.638360561765548,8.57,21.236478212904313,0.0,811.0
1,Chenab,district,4299,257.17376133984646,5.0,303.35763486374503,4.0,627.0
1,Chenab,hardness,1194,206.7196515912898,99.31,198.78559477283844,-61.41,3181.67
1,Chenab,magnesium,1217,8.385004108463434,7.1,5.3228248449251865,0.0,51.1
1,Chenab,nitrate,691,1.7279160634587554,1.379,1.2018701875045477,0.0,8.7
1,Chenab,ph,1291,8.423075135553834,7.9,19.388185943497184,3.28,704.0
1,Chenab,phosphate,327,0.0856296636085627,0.046,0.12466854413408485,0.0,1.6
1,Chenab,sample_id,4299,2302.3021632937894,2308.0,1553.9186404409281,1.0,5819.0
1,Chenab,sodium,1161,6.758036175710594,6.14,3.5536982099857197,0.4,34.93
1,Chenab,sodium_adsorption_ratio,506,1.0698102766798419,0.345,1.7976574800052798,-0.04,28.0
1,Chenab,sulphate,1184,24.15510472972973,20.6,16.407459761545145,0.21,156.7
1,Chenab,total_dissolved_solids,923,133.24282773564465,125.0,57.553806515132926,9.0,825.0
1,Jhelum,alkalinity,930,79.64987741935484,87.7475,54.83979800248847,-0.246,253.42
1,Jhelum,ammonia,841,0.07488109393579073,0.03,0.30682640529682825,-0.01,8.44
1,Jhelum,bicarbonate,945,95.42064126984127,105.56,65.6587168287734,-0.3,291.31
1,Jhelum,calcium,925,36.175070270270275,35.34,12.134352318560067,5.27,96.07
1,Jhelum,carbonate,983,0.365381485249237,0.0,1.2202194678991782,0.0,10.23
1,Jhelum,chloride,966,11.190573498964802,11.1,4.3104258220193525,0.32,47.29
1,Jhelum,dissolved_oxygen,1146,7.4155497382198945,6.8,1.7414272376879547,0.0,13.9
1,Jhelum,district,2741,111.847136081722,3.0,233.5669826478442,1.0,626.0
1,Jhelum,hardness,909,239.68229482948294,109.12,214.97413923000033,12.13,753.542
1,Jhelum,iron,2,0.24,0.24,0.2545584412271571,0.06,0.42
1,Jhelum,magnesium,924,9.176385281385281,8.2,5.188078125243414,0.53,37.8
1,Jhelum,nitrate,549,2.109236797358834,1.967,1.2589655058153804,0.0,7.113
1,Jhelum,ph,2039,7.105850907307504,7.4,1.8384000300795729,0.34,78.1
1,Jhelum,phosphate,272,0.11926323529411764,0.1185,0.09456091014917126,0.0,1.05
1,Jhelum,sample_id,2741,2839.009120758847,1375.0,2007.756138023439,518.0,5817.0
1,Jhelum,sodium,878,7.81883826879271,7.880000000000001,3.4551820541622695,0.68,32.23
1,Jhelum,sodium_adsorption_ratio,387,1.20984496124031,0.38,1.4620420018860436,-0.07,6.46
1,Jhelum,sulphate,893,12.427867861142216,7.9,12.738152244217732,0.1,77.5
1,Jhelum,total_dissolved_solids,952,105.79591386554623,118.0,77.62401828781573,0.01,391.32
12,-,bod,13,2.0076923076923077,2.0,0.38613801172969775,1.4,2.6
12,-,district,13,236.15384615384616,236.0,0.3755338080994139,236.0,237.0
12,-,fecal_coliform,11,515.4545454545455,360.0,206.6089851077942,300.0,910.0
12,-,sample_id,13,7.0,7.0,3.8944404818493075,1.0,13.0
12,Brahmaputra,conductivity,11276,126.70072188719405,123.0,116.0841745158697,1.66,10319.0
12,Brahmaputra,district,13918,282.61071993102456,237.0,134.50370102836385,229.0,678.0
12,Brahmaputra,sample_id,13918,4489.304785170283,3748.5,3168.8195468468393,1.0,10707.0
12,Brahmaputra,temperature,12949,21.00377094756352,21.0,5.323955840319172,1.2,225.0
12,Brahmaputra,total_solids,2,43.05,43.05,24.819448019647815,25.5,60.6
12,Brahmaputra,turbidity,5748,146.3874217118998,36.5,230.47904196462073,0.0,3664.0
18,-,bod,5477,3.3874201205039256,2.1,5.969944555218691,0.7,112.0
18,-,district,5878,291.6161959850289,291.0,6.722660944822438,280.0,302.0
18,-,fecal_coliform,4133,1647.6041616259376,360.0,14533.163152175322,0.0,240000.0
18,-,sample_id,5878,1914.2762844504934,1616.5,1352.2084354001815,1.0,4555.0
18,-,total_coliform,2639,1623.1371731716558,1100.0,7791.505716187127,2.0,240000.0
28,Duplicate-Sarada,conductivity,145,367.4078620689655,342.6,148.27953499680837,102.0,988.4
28,Duplicate-Sarada,district,145,520.0,520.0,0.0,520.0,520.0
28,Duplicate-Sarada,sample_id,145,194.0,194.0,42.00198408012015,122.0,266.0
28,Duplicate-Sarada,temperature,145,26.55862068965517,26.5,3.420152413085656,17.0,35.5
28,Duplicate-Sarada,turbidity,143,10.481118881118881,4.1,35.92823823908766,0.3,408.1
28,Duplicate-Swarnamukhi,conductivity,83,989.0036144578313,654.0,1385.5720750760959,65.4,6430.0
28,Duplicate-Swarnamukhi,district,83,515.0,515.0,0.0,515.0,515.0
28,Duplicate-Swarnamukhi,sample_id,83,1017.0,1017.0,24.1039415863879,976.0,1058.0
28,Duplicate-Swarnamukhi,temperature,83,25.337349397590362,25.0,0.6054046909689375,22.0,27.0
28,Duplicate-Swarnamukhi,turbidity,83,21.042168674698797,12.0,33.35734504438605,0.0,200.0
28,Godavari,conductivity,125,265.85256,229.0,204.1375177577527,76.72,1723.0
28,Godavari,district,174,625.1034482758621,505.0,121.84260049095731,505.0,748.0
28,Godavari,sample_id,174,901.8103448275862,541.5,409.9251922545954,455.0,1357.0
28,Godavari,temperature,174,28.05057471264368,28.0,2.37984667321813,21.0,33.5
28,Godavari,turbidity,67,21.87014925373134,6.0,37.529620685070405,0.0,216.0
28,Gundlakamma,conductivity,42,1038.4404761904761,1008.0,254.31954554958645,419.0,1796.0
28,Gundlakamma,district,61,517.0,517.0,0.0,517.0,517.0
28,Gundlakamma,sample_id,61,754.0,754.0,17.752934029806642,724.0,784.0
28,Gundlakamma,temperature,60,25.375,25.0,1.9257950152282477,22.0,29.5
28,Gundlakamma,turbidity,34,7.911764705882353,5.0,8.642276801086354,0.0,33.0
28,Kalingi,conductivity,53,968.9924528301887,672.0,1419.5282964975827,234.0,6768.0
28,Kalingi,district,53,515.0,515.0,0.0,515.0,515.0
28,Kalingi,sample_id,53,1559.0,1559.0,15.443445211480501,1533.0,1585.0
28,Kalingi,temperature,53,25.245283018867923,25.0,1.2543104200708866,25.0,32.0
28,Kalingi,turbidity,53,37.818867924528305,20.0,53.593818015355,5.0,262.0
28,Krishna,conductivity,341,1055.4629032258065,911.0,748.4928571132044,1.42,7756.0
28,Krishna,district,451,509.64079822616407,510.0,1.6864224544141777,506.0,511.0
28,Krishna,sample_id,451,956.150776053215,917.0,468.94111392281894,268.0,1730.0
28,Krishna,temperature,442,24.950452488687784,25.0,2.906667957585005,16.0,32.0
28,Krishna,turbidity,221,8.112669683257918,5.0,9.131420412481608,0.0,57.0
28,Nagavali,conductivity,145,338.567724137931,350.0,100.74701224371117,3.53,652.7
28,Nagavali,district,146,519.0,519.0,0.0,519.0,519.0
28,Nagavali,sample_id,146,1459.5,1459.5,42.290660907581,1387.0,1532.0
28,Nagavali,temperature,144,26.528958333333335,27.5,4.114049052532474,7.38,33.0
28,Nagavali,turbidity,142,13.36056338028169,4.85,22.242008550515447,0.4,185.4
28,Pennar,conductivity,501,887.5003992015968,870.0,279.2464199946715,272.0,2749.0
28,Pennar,district,502,504.43027888446215,504.0,2.9422450458947305,502.0,515.0
28,Pennar,sample_id,502,713.1115537848606,555.5,532.4367659042738,1.0,1635.0
28,Pennar,temperature,493,25.19756592292089,25.0,2.4142855156405005,19.0,32.0
28,Pennar,turbidity,501,86.51437125748502,45.0,171.52132425169154,1.0,3213.0
28,Vamsadhara,conductivity,115,264.83121739130434,241.0,118.14066984080793,105.4,765.0
28,Vamsadhara,district,115,519.0,519.0,0.0,519.0,519.0
28,Vamsadhara,sample_id,115,843.0,843.0,33.34166562526033,786.0,900.0
28,Vamsadhara,temperature,115,25.356521739130436,26.0,3.943351732130322,16.5,33.4
28,Vamsadhara,turbidity,112,16.803571428571427,6.5,21.920063328356886,0.4,117.8
29,Aghanashini,alkalinity,122,19.567809643442622,15.875,15.983293444508162,4.0,154.09836
29,Aghanashini,ammonia,93,0.004824516129032258,0.0,0.010019471533852062,0.0,0.04212
29,Aghanashini,arsenic,13,4.6911538461538465,2.205,6.633174250766042,0.47,25.0
29,Aghanashini,bicarbonate,195,22.154092302564106,19.52,16.491250406788925,4.88,188.0
29,Aghanashini,cadmium,14,0.359,0.0895,0.800857521180122,0.001,3.0
29,Aghanashini,calcium,195,6.403692284102564,5.6,3.831271928103566,1.6,28.0
29,Aghanashini,carbonate,193,0.0,0.0,0.0,0.0,0.0
29,Aghanashini,chloride,195,13.3229718,10.295,11.347206932223255,1.42,69.482
29,Aghanashini,chromium,14,2.391428571428571,1.825,2.104076106925856,0.13,6.57
29,Aghanashini,copper,16,6.356875,3.615,8.860368478981748,0.06,30.39
29,Aghanashini,dissolved_oxygen,57,7.226842105263158,7.33,0.6999544829454903,5.8,8.56
29,Aghanashini,district,204,550.0,550.0,0.0,550.0,550.0
29,Aghanashini,hardness,195,29.681092205128202,24.1,18.837186382569943,9.0375,133.7875
29,Aghanashini,iron,167,0.1555125748502994,0.018,0.47865092950334326,0.0,2.5
29,Aghanashini,lead,12,1.1595833333333332,0.9295,1.1581138630104422,0.001,3.8
29,Aghanashini,magnesium,195,3.0325359056410255,2.43,2.34886243274875,0.3645,15.309
29,Aghanashini,mercury,1,0.05,0.05,,0.05,0.05
29,Aghanashini,nickel,13,3.483846153846154,2.32,4.205013948572859,0.09,12.76
29,Aghanashini,nitrate,133,0.2414499556390977,0.196168,0.2722814281051109,0.0,1.4012
29,Aghanashini,ph,195,7.25051282051282,7.24,0.4927011009068153,4.86,8.24
29,Aghanashini,phosphate,5,0.018,0.01,0.024899799195977464,0.0,0.06
29,Aghanashini,sample_id,204,6529.5,6529.5,59.033888572581766,6428.0,6631.0
29,Aghanashini,sodium,195,6.6896359,4.393,8.228583935876722,0.92,53.3
29,Aghanashini,sodium_adsorption_ratio,191,0.5745785053926702,0.40864423,0.6793471946763782,0.07078105,4.721526
29,Aghanashini,sulphate,194,3.036886597938144,1.776,7.156417869494806,0.0,96.48
29,Aghanashini,total_dissolved_solids,14,34.57142857142857,32.0,9.653331714326052,20.0,52.0
29,Aghanashini,zinc,13,18.234846153846153,9.4,23.307281987418126,0.003,83.0
29,Cauvery,alkalinity,3331,125.42555819123386,94.799995,103.26406986690151,0.0,510.86
29,Cauvery,ammonia,947,0.05831983104540654,0.028,0.1339236112432311,0.0,1.22148
29,Cauvery,arsenic,144,3.865451180555555,1.4,6.083922192833191,0.0001,32.996
29,Cauvery,bicarbonate,3742,151.9213254135489,110.41,428.62635572280254,0.0,25315.2
29,Cauvery,cadmium,149,1.0430813825503356,0.089,2.1185667463388302,0.0,15.0
29,Cauvery,calcium,3744,25.851498667467947,22.0,18.724849801639312,0.9,229.0
29,Cauvery,carbonate,3782,1.2086620835536752,0.0,7.242963137004419,0.0,105.6
29,Cauvery,chloride,3742,41.02411159032602,24.4,47.465288463250076,0.0,536.05
29,Cauvery,chromium,157,2.6317562420382163,0.97,5.079913078261686,0.00026,50.61
29,Cauvery,copper,169,6.177491301775148,3.04,10.297169736737448,0.00012,63.92
29,Cauvery,dissolved_oxygen,1467,6.312340831629175,6.3,1.900056168406534,0.1,14.86
29,Cauvery,district,3876,546.717750257998,541.0,24.11110422155132,531.0,631.0
29,Cauvery,hardness,3738,148.40183525567147,105.0,163.70385407088216,4.365,1620.25
29,Cauvery,iron,2096,0.2162940157489981,0.07468,0.7395200518076654,0.0,10.416
29,Cauvery,lead,134,2.3828515671641792,0.87,5.2962652762138305,0.00021,44.46
29,Cauvery,magnesium,3740,13.337393721417113,10.692,10.790334446665451,0.0,94.77
29,Cauvery,mercury,5,0.11200000000000002,0.03,0.16361540269791228,0.02,0.4
29,Cauvery,nickel,146,4.242651917808219,1.935,5.629331260144042,0.0005,29.97
29,Cauvery,nitrate,2573,1.6398928196198987,0.546468,3.6511480303825996,0.0,40.481323
29,Cauvery,ph,3834,9.645450443401147,7.76,118.70810196736687,5.6,7358.0
29,Cauvery,phosphate,304,0.41851973684210525,0.02,1.0474440616641258,0.0,7.3
29,Cauvery,sample_id,3876,5513.281475748194,5705.5,2381.9444015022127,49.0,8714.0
29,Cauvery,sodium,3341,31.454171739060165,16.2,40.279894966385086,0.23,344.0
29,Cauvery,sodium_adsorption_ratio,2871,1.0466306769166145,0.71693605,1.0711061662258614,0.0053583416,13.352346
29,Cauvery,sulphate,2939,11.486724256304866,7.0,13.323101385193615,0.0,342.0
29,Cauvery,total_dissolved_solids,1492,240.20321715817695,176.0,215.69500759369348,20.0,1040.0
29,Cauvery,zinc,120,21.539789833333334,4.5535,104.79196331039077,0.0001,1141.0
29,Godavari,alkalinity,206,147.84940421359224,150.09111,43.673665972141,35.64754,316.69223
29,Godavari,ammonia,204,0.08317764705882354,0.0,0.24347119798981154,0.0,2.1
29,Godavari,arsenic,1,3.69,3.69,,3.69,3.69
29,Godavari,bicarbonate,206,171.32923786407764,170.4,53.63606474576072,43.49,386.13
29,Godavari,cadmium,2,0.53,0.53,0.19798989873223333,0.39,0.67
29,Godavari,calcium,206,35.595393203883496,34.0,10.86239404083166,12.813,66.0
29,Godavari,carbonate,206,4.401941747572815,0.0,7.235152879299375,0.0,40.4
29,Godavari,chloride,206,21.842416019417474,21.979,8.653362015794826,4.0,48.1
29,Godavari,chromium,2,0.6,0.6,0.848528137423857,0.0,1.2
29,Godavari,copper,1,1.81,1.81,,1.81,1.81
29,Godavari,dissolved_oxygen,138,6.0936956521739125,6.0,0.8124371518304592,2.5,8.6
29,Godavari,district,250,529.0,529.0,0.0,529.0,529.0
29,Godavari,hardness,206,143.61693195631068,142.32257,44.37098539200541,48.219997,293.00906
29,Godavari,iron,190,0.19174889473684212,0.07,0.4079624478638027,0.0,3.734
29,Godavari,lead,2,8.59,8.59,6.236681810065349,4.18,13.0
29,Godavari,magnesium,206,13.263773972330098,11.067499999999999,8.231568296999077,0.0,46.17
29,Godavari,mercury,1,0.02,0.02,,0.02,0.02
29,Godavari,nickel,2,9.28,9.28,9.022682527940347,2.9,15.66
29,Godavari,nitrate,204,0.8526305389215686,0.7138,0.7046560903593146,0.0,4.2
29,Godavari,ph,250,8.041640000000001,8.1,0.4187983747758079,6.71,9.0
29,Godavari,phosphate,6,0.03866666666666666,0.025,0.03295855983908682,0.004,0.086
29,Godavari,sample_id,250,6098.5,6098.5,72.31297716638879,5974.0,6223.0
29,Godavari,sodium,204,25.715985294117644,24.0,11.29762716421703,3.0,61.64
29,Godavari,sodium_adsorption_ratio,204,0.9328019791911766,0.87631513,0.3710661662504034,0.114906095,2.0635688
29,Godavari,sulphate,206,16.49147572815534,15.431999999999999,9.877009060310554,0.0,58.0
29,Godavari,total_dissolved_solids,18,272.3888888888889,275.5,81.80546428526706,92.0,424.0
29,Godavari,zinc,2,6.265,6.265,6.03162084352125,2.0,10.53
29,Gurpur,alkalinity,38,15.952369068421053,11.25,12.979118937296512,7.377,67.5
29,Gurpur,ammonia,3,0.0,0.0,0.0,0.0,0.0
29,Gurpur,arsenic,3,3.3800000000000003,3.01,3.300590856195296,0.28,6.85
29,Gurpur,bicarbonate,45,20.78088888888889,14.213,16.171078378364008,9.0,82.35
29,Gurpur,cadmium,4,0.11474999999999999,0.1,0.10048341488358498,0.019,0.24
29,Gurpur,calcium,45,4.418222222222222,3.2,3.3225074655425324,1.6,19.64
29,Gurpur,carbonate,45,0.0,0.0,0.0,0.0,0.0
29,Gurpur,chloride,45,11.67387777777778,6.0,12.874730563004006,2.84,54.2
29,Gurpur,chromium,4,7.6674999999999995,3.43,9.723296337491039,1.66,22.15
29,Gurpur,copper,4,16.8325,8.21,22.809483955875315,0.39,50.52
29,Gurpur,dissolved_oxygen,1,6.43,6.43,,6.43,6.43
29,Gurpur,district,48,534.0,534.0,0.0,534.0,534.0
29,Gurpur,hardness,45,23.2703798,16.1,18.1453920472745,10.075,100.808334
29,Gurpur,iron,33,0.1116060606060606,0.12,0.07321494869301769,0.0,0.2976
29,Gurpur,lead,3,1.2036666666666667,0.2,1.9133296457571898,0.001,3.41
29,Gurpur,magnesium,45,2.3389355555555555,1.94,2.2352149623242012,0.0,12.41
29,Gurpur,nickel,4,3.71,2.835,3.8232011020435044,0.18,8.99
29,Gurpur,nitrate,43,0.2946390693023256,0.32206398,0.1944857746504254,0.0,0.728624
29,Gurpur,ph,45,6.976,6.95,0.47522434893235593,5.82,8.2
29,Gurpur,phosphate,3,0.25,0.01,0.4243819034784589,0.0,0.74
29,Gurpur,sample_id,48,24.5,24.5,14.0,1.0,48.0
29,Gurpur,sodium,45,8.945615555555555,3.197,12.22263730657838,2.001,50.3
29,Gurpur,sodium_adsorption_ratio,43,0.7886439460465117,0.3755571,0.8881144429983306,0.2513555,3.7604887
29,Gurpur,sulphate,45,1.8617582222222224,1.872,0.8874358883867428,0.72,4.8
29,Gurpur,total_dissolved_solids,5,28.6,27.0,7.334848328356899,20.0,40.0
29,Gurpur,zinc,3,34.30133333333334,11.0,50.18398953185502,0.004,91.9
29,Haladi,alkalinity,111,14.911052100900902,9.836,14.67136901832837,3.0,90.983604
29,Haladi,ammonia,80,0.013012000000000001,0.0,0.047131209859124244,0.0,0.39312
29,Haladi,arsenic,13,3.2753076923076923,2.4,2.7199209358795517,0.17,9.038
29,Haladi,bicarbonate,184,15.853978259239131,12.2,14.401516927177818,3.05,111.0
29,Haladi,cadmium,14,0.21271428571428572,0.07,0.35306382699742256,0.001,1.08
29,Haladi,calcium,184,5.334945657608696,4.76,3.9644460990229256,1.0,31.4
29,Haladi,carbonate,176,0.0,0.0,0.0,0.0,0.0
29,Haladi,chloride,184,9.388308413043479,8.508,6.7104883499844465,1.775,39.91
29,Haladi,chromium,15,2.3096,1.79,2.924875499181852,0.02,10.5
29,Haladi,copper,15,4.2287333333333335,2.301,4.8110996436316285,0.41,16.74
29,Haladi,dissolved_oxygen,79,7.28532911392405,7.32,0.7068254185770636,5.15,8.8
29,Haladi,district,194,549.0,549.0,0.0,549.0,549.0
29,Haladi,hardness,183,22.726858879781425,18.05,14.89246874943303,6.55,92.83333
29,Haladi,iron,148,0.10638959459459459,0.0178,0.31012836538246624,0.0,1.86
29,Haladi,lead,11,2.5518181818181818,0.79,4.162190020125988,0.001,14.204
29,Haladi,magnesium,183,2.070980876502732,1.62,1.7391567266238128,0.3645,13.81
29,Haladi,nickel,14,4.530714285714286,3.6935000000000002,4.770962415868142,0.04,13.72
29,Haladi,nitrate,121,0.19681328892561983,0.196168,0.19407451416241522,0.0,0.952816
29,Haladi,ph,184,7.095434782608695,7.095,0.5448104158017472,5.5,8.21
29,Haladi,phosphate,5,0.008,0.0,0.013038404810405297,0.0,0.03
29,Haladi,sample_id,194,1455.5,1455.5,56.14712815451918,1359.0,1552.0
29,Haladi,sodium,184,4.376663044565217,2.53,5.701968894055465,0.92,40.4
29,Haladi,sodium_adsorption_ratio,179,0.41688886727932956,0.2773578,0.437411645687761,0.0633089,3.04325
29,Haladi,sulphate,176,2.0326704551136365,1.416,1.7907103599502936,0.0,10.56
29,Haladi,total_dissolved_solids,15,27.0,22.0,24.848110017234138,15.0,116.0
29,Haladi,zinc,12,21.349083333333336,13.0,33.8249947536335,0.009,124.34
29,Krishna,alkalinity,4073,104.61485929322366,100.0,68.53206688948481,0.639,1167.68
29,Krishna,ammonia,2686,0.04857775130305286,0.0,0.36520092439362517,0.0,16.34256
29,Krishna,arsenic,83,2.7667568674698795,1.3445,3.6385867188068883,0.0,16.801
29,Krishna,bicarbonate,4127,105.1360099600194,95.16,69.37279061746484,0.0,712.0
29,Krishna,cadmium,89,0.8130769887640449,0.104,1.435576695931468,0.0,8.0
29,Krishna,calcium,4127,25.43906220751151,23.4,15.052437061467103,0.8,164.732
29,Krishna,carbonate,4110,5.0681750982968365,0.0,10.56852520781899,0.0,124.22
29,Krishna,chloride,4121,65.74028882140257,42.79,64.20190690749968,0.0,522.34
29,Krishna,chromium,89,2.5578812359550565,0.83,6.233426677596181,0.0,45.0
29,Krishna,copper,80,3.55886225,1.81,5.610981990114773,0.00028,31.42
29,Krishna,dissolved_oxygen,1266,6.731618483412322,6.88,1.3143629439394484,0.0,17.1
29,Krishna,district,4918,553.4206994713298,540.0,35.181410718115394,524.0,635.0
29,Krishna,hardness,4118,149.26282356629434,137.00600500000002,92.66893053554885,2.0,875.0321
29,Krishna,iron,3306,0.14945914930732002,0.0372,0.7212559247541805,0.0,34.80088
29,Krishna,lead,75,3.5328844000000004,1.11,9.955701267107289,-0.5,74.0
29,Krishna,magnesium,4127,18.720929268655198,14.0,15.756491212096824,0.0,195.0245
29,Krishna,mercury,14,0.33971428571428575,0.12,0.49270953037127385,0.0,1.781
29,Krishna,nickel,87,4.463674482758621,2.06,5.878043856659775,-0.5,33.09
29,Krishna,nitrate,3527,0.6974502676064644,0.36,1.3969542843713652,0.0,32.535866
29,Krishna,ph,4880,8.001232377049181,7.91,11.222593682358477,5.84,791.0
29,Krishna,phosphate,1905,0.11670005249343833,0.001,0.401010366275351,0.0,5.95
29,Krishna,sample_id,4918,5102.933306222041,4940.5,3049.2274290045734,825.0,9992.0
29,Krishna,sodium,4026,51.09679483077496,27.0,64.23929316275117,0.0,528.0
29,Krishna,sodium_adsorption_ratio,3752,1.7873827824267057,1.12864035,1.8823831967331686,0.0,18.921835
29,Krishna,sulphate,4014,59.36084773916293,19.854,91.62971546643593,0.0,875.0
29,Krishna,total_dissolved_solids,1613,302.11965282083077,221.0,259.62763217053725,11.0,1548.0
29,Krishna,zinc,75,17.419752,2.0,50.63477567225736,-0.05,410.88
29,Netravathi,alkalinity,277,27.680078642599277,24.590164,16.326942713405046,4.0,129.5082
29,Netravathi,ammonia,141,0.03384851063829787,0.0,0.10084011931862501,0.0,0.5616
29,Netravathi,arsenic,6,2.765333333333333,1.995,2.965434650547313,0.31,8.18
29,Netravathi,bicarbonate,388,30.434188144329898,26.84,18.14386756307262,0.0,158.0
29,Netravathi,cadmium,7,0.437,0.21,0.7296713872239566,0.01,2.05
29,Netravathi,calcium,397,7.085743073047859,6.4,3.9910084898613136,1.6,26.0
29,Netravathi,carbonate,399,0.0,0.0,0.0,0.0,0.0
29,Netravathi,chloride,398,15.11094472361809,12.285,9.81402790212613,3.55,59.3
29,Netravathi,chromium,7,1.762857142857143,2.05,1.540873283625385,0.08,3.98
29,Netravathi,copper,8,5.6049999999999995,3.5,6.706636372174313,0.55,20.65
29,Netravathi,dissolved_oxygen,125,7.0352,7.04,0.8454161029320255,3.7,9.0
29,Netravathi,district,427,534.0,534.0,0.0,534.0,534.0
29,Netravathi,hardness,394,35.576015223350254,28.1375,28.408538671749803,5.95625,413.0
29,Netravathi,iron,201,0.6039963184079602,0.0,7.8729428626565925,0.0,111.6558
29,Netravathi,lead,6,1.3538333333333332,0.846,1.6140642387050976,0.001,4.46
29,Netravathi,magnesium,397,3.9895994964735517,2.92,3.3895125910695296,0.0,22.4
29,Netravathi,nickel,6,4.651666666666666,5.525,3.6513417625123323,0.01,8.44
29,Netravathi,nitrate,98,0.31782665295918366,0.14012,0.784069689360269,0.0,7.5
29,Netravathi,ph,416,7.442620192307692,7.42,0.45402787449693427,5.8,8.7
29,Netravathi,phosphate,3,0.2966666666666667,0.01,0.5052062285179522,0.0,0.88
29,Netravathi,sample_id,427,525.0,525.0,123.40853563131955,312.0,738.0
29,Netravathi,sodium,297,4.698979799326599,3.68,4.02794611155863,1.0,39.25
29,Netravathi,sodium_adsorption_ratio,293,0.39837828061433445,0.32108277,0.4076587501176112,0.050881077,4.933746
29,Netravathi,sulphate,220,3.4248636363636367,2.4,3.287149419409004,0.0,24.768
29,Netravathi,total_dissolved_solids,191,55.87958115183246,49.0,35.80048738028224,12.0,230.0
29,Netravathi,zinc,6,12.342166666666666,8.24,16.856552677420925,0.003,46.0
29,Pennar,alkalinity,13,52.854728769230775,44.5,29.712689533200454,18.0,109.05
29,Pennar,ammonia,11,0.025701818181818183,0.02808,0.012322523944534917,0.01404,0.05616
29,Pennar,bicarbonate,13,64.53046153846154,54.29,36.20838535849439,21.96,133.041
29,Pennar,calcium,13,21.307692307692307,20.2,10.070864042578599,8.0,49.2
29,Pennar,carbonate,13,0.0,0.0,0.0,0.0,0.0
29,Pennar,chloride,13,97.5565,81.1175,64.46415461227271,15.6,216.195
29,Pennar,district,13,548.0,548.0,0.0,548.0,548.0
29,Pennar,hardness,13,91.28551284615385,78.94375,47.354931988542425,20.0,208.55624
29,Pennar,iron,10,0.28271999999999997,0.0465,0.712045099695237,0.0186,2.3064
29,Pennar,magnesium,13,9.346984615384615,8.6265,5.312398234883524,2.9,20.5335
29,Pennar,nitrate,12,0.149052,0.07006,0.24723071307292194,0.014012,0.91
29,Pennar,ph,13,7.773076923076923,7.9,0.45560188424004233,6.9,8.21
29,Pennar,sample_id,13,5967.0,5967.0,3.8944404818493075,5961.0,5973.0
29,Pennar,sodium,12,56.87891666666667,49.105000000000004,36.1101039283979,13.3,120.52
29,Pennar,sodium_adsorption_ratio,12,2.510292605,2.19607725,1.368955714772785,0.94458646,5.125698
29,Pennar,sulphate,12,15.740499999999999,16.536,8.660372535552119,3.4,34.8
29,Pennar,total_dissolved_solids,2,66.5,66.5,0.7071067811865476,66.0,67.0
29,Sita,alkalinity,51,14.733942364705882,11.05,11.285917344500893,4.5,54.0
29,Sita,arsenic,4,1.4125,1.5750000000000002,1.0720502164855275,0.06,2.44
29,Sita,bicarbonate,56,17.627,13.4505,13.32005419317395,5.49,65.88
29,Sita,cadmium,6,0.09283333333333334,0.026000000000000002,0.1543857722287474,0.001,0.4
29,Sita,calcium,56,4.08375,3.2,3.3233223040150097,1.6,19.64
29,Sita,carbonate,56,0.0,0.0,0.0,0.0,0.0
29,Sita,chloride,56,9.484464285714285,4.97,10.459992747197703,2.84,48.9
29,Sita,chromium,6,1.8949999999999998,1.5150000000000001,1.7782772562229996,0.2,4.75
29,Sita,copper,6,8.386666666666667,3.045,13.49940690055184,0.06,35.0
29,Sita,dissolved_oxygen,22,6.854772727272728,6.71,0.6949588498827131,5.71,8.4
29,Sita,district,62,549.0,549.0,0.0,549.0,549.0
29,Sita,hardness,56,19.47303869642857,14.075,12.323164827000575,8.025,61.016666
29,Sita,iron,38,0.11950526315789474,0.10500000000000001,0.08357046855674403,0.0,0.465
29,Sita,lead,5,0.502,0.4,0.371241161510951,0.12,0.99
29,Sita,magnesium,56,1.7342946428571426,1.458,1.1137177901751398,0.3645,4.95
29,Sita,nickel,5,3.148,1.73,3.636415817807419,0.04,8.57
29,Sita,nitrate,53,0.2552909420754717,0.294252,0.1820481697923109,0.0,0.812484
29,Sita,ph,56,6.891964285714286,6.845,0.5221369365592523,5.68,8.2
29,Sita,phosphate,4,0.01,0.0,0.02,0.0,0.04
29,Sita,sample_id,62,280.5,280.5,18.041618552668716,250.0,311.0
29,Sita,sodium,56,6.096035714285714,2.691,8.192345467156931,1.7,40.0
29,Sita,sodium_adsorption_ratio,53,0.5932713086792453,0.32656533,0.6045395906872205,0.09485381,2.9272177
29,Sita,sulphate,56,1.7443571428571427,1.234,1.5927692114801066,0.336,11.04
29,Sita,total_dissolved_solids,10,30.1,21.0,30.377074689091877,15.0,116.0
29,Sita,zinc,5,5.6604,5.7,5.533293847248672,0.002,12.0
29,Swarna,alkalinity,107,15.70175236542056,10.55,14.200807902248915,1.0,82.78689
29,Swarna,ammonia,71,0.01284394366197183,0.0,0.04678707765669837,0.0,0.36504
29,Swarna,arsenic,8,3.4537500000000003,1.31,4.838479505854234,0.02,14.08
29,Swarna,bicarbonate,159,17.759792449685534,12.993,14.68073152350152,1.22,101.0
29,Swarna,cadmium,10,1.6114000000000002,0.0865,4.369064613850429,0.01,14.0
29,Swarna,calcium,159,5.266540878616352,4.8,3.028404765728961,1.0,17.6
29,Swarna,carbonate,158,0.0,0.0,0.0,0.0,0.0
29,Swarna,chloride,159,12.61254872327044,9.585,13.680261564636611,1.42,125.05
29,Swarna,chromium,8,1.3575,0.86,1.579319473697453,0.1,4.77
29,Swarna,copper,10,2.556,2.385,1.9888980757081434,0.11,6.07
29,Swarna,dissolved_oxygen,47,7.240425531914894,7.3,0.8998863634704313,4.78,9.31
29,Swarna,district,166,549.0,549.0,0.0,549.0,549.0
29,Swarna,hardness,158,25.21310180379747,20.0625,29.936480843403473,6.025,365.208
29,Swarna,iron,138,0.05618326086956522,0.0,0.1540189918195608,0.0,1.1904
29,Swarna,lead,9,0.9188888888888889,0.67,0.8322025661526832,0.1,2.16
29,Swarna,magnesium,159,2.20748113081761,1.944,1.3973533017671018,0.0,6.318
29,Swarna,nickel,7,3.6614285714285715,1.28,4.719867330661702,0.01,11.31
29,Swarna,nitrate,110,0.16452818198181818,0.09107799999999999,0.19788119616283467,0.0,1.457248
29,Swarna,ph,158,7.1846202531645575,7.145,0.5036005849295021,5.77,8.21
29,Swarna,phosphate,4,0.015,0.0,0.03,0.0,0.06
29,Swarna,sample_id,166,10075.5,10075.5,48.064193186473716,9993.0,10158.0
29,Swarna,sodium,159,5.957182388679245,3.0,8.999641564204751,0.69,50.78
29,Swarna,sodium_adsorption_ratio,156,0.5634994039358975,0.339768885,0.8145850900018454,0.053933848,6.5176773
29,Swarna,sulphate,154,2.0606493506493506,1.2,2.018339923346919,0.0,10.56
29,Swarna,total_dissolved_solids,9,20.444444444444443,20.0,3.6094013046179523,15.0,26.0
29,Swarna,zinc,9,15.448555555555556,9.3,19.749095328084724,0.007,60.0
